--------------------------------------------------------
-- Archivo creado  - viernes-noviembre-17-2017   
--------------------------------------------------------
DROP VIEW "USER_TALLER2"."INFORMACION_FACTURAS_VIEW";
DROP VIEW "USER_TALLER2"."PRODUCTO_MENOR_VIEW";
DROP TABLE "USER_TALLER2"."ATRIBUTOS_FACTURAS";
DROP TABLE "USER_TALLER2"."ATRIBUTOS";
DROP TABLE "USER_TALLER2"."DATOS_HISTORICOS_VEHICULOS";
DROP TABLE "USER_TALLER2"."FACTURAS";
DROP TABLE "USER_TALLER2"."CLIENTES";
DROP TABLE "USER_TALLER2"."VEHICULOS";
DROP TABLE "USER_TALLER2"."VENDEDORES";
DROP SEQUENCE "USER_TALLER2"."ATRIBUTO_FACTURA_SEQUENCE";
DROP SEQUENCE "USER_TALLER2"."ATRIBUTO_SEQUENCE";
DROP SEQUENCE "USER_TALLER2"."CLIENTE_SEQUENCE";
DROP SEQUENCE "USER_TALLER2"."FACTURA_SEQUENCE";
DROP SEQUENCE "USER_TALLER2"."HISTORICO_VEHICULO_SEQUENCE";
DROP SEQUENCE "USER_TALLER2"."VEHICULO_SEQUENCE";
DROP SEQUENCE "USER_TALLER2"."VENDEDORE_SEQUENCE";
DROP PROCEDURE "USER_TALLER2"."REORDER_UNITS";

--------------------------------------------------------
--  DDL for Table ATRIBUTOS
--------------------------------------------------------

  CREATE TABLE "USER_TALLER2"."ATRIBUTOS" 
   (	"ID" NUMBER(*,0), 
	"CODIGO" VARCHAR2(255 BYTE), 
	"COSTO" NUMBER, 
	"DESCRIPCION" VARCHAR2(255 BYTE), 
	"NOMBRE_FABRICANTE" VARCHAR2(255 BYTE), 
	"PRECIO_UNIDAD" NUMBER, 
	"UNIDADES_DISPONIBLES" NUMBER(*,0) DEFAULT 30
   ) ;
--------------------------------------------------------
--  DDL for Table ATRIBUTOS_FACTURAS
--------------------------------------------------------

  CREATE TABLE "USER_TALLER2"."ATRIBUTOS_FACTURAS" 
   (	"ID" NUMBER(*,0), 
	"PRECIO" NUMBER, 
	"FACTURA_ID" NUMBER(*,0), 
	"ATRIBUTO_ID" NUMBER(*,0)
   ) ;
--------------------------------------------------------
--  DDL for Table CLIENTES
--------------------------------------------------------

  CREATE TABLE "USER_TALLER2"."CLIENTES" 
   (	"ID" NUMBER(*,0), 
	"NOMBRE" VARCHAR2(255 BYTE), 
	"TELEFONO" VARCHAR2(255 BYTE), 
	"EMAIL" VARCHAR2(255 BYTE), 
	"DIRECCION" VARCHAR2(255 BYTE)
   ) ;
--------------------------------------------------------
--  DDL for Table DATOS_HISTORICOS_VEHICULOS
--------------------------------------------------------

  CREATE TABLE "USER_TALLER2"."DATOS_HISTORICOS_VEHICULOS" 
   (	"ID" NUMBER(*,0), 
	"VEHICULO_ID" NUMBER(*,0), 
	"FACTURA_ID" NUMBER(*,0), 
	"FECHA" VARCHAR2(255 BYTE), 
	"TIPO" VARCHAR2(255 BYTE)
   ) ;
--------------------------------------------------------
--  DDL for Table FACTURAS
--------------------------------------------------------

  CREATE TABLE "USER_TALLER2"."FACTURAS" 
   (	"ID" NUMBER(*,0), 
	"VEHICULO_ID" NUMBER(*,0), 
	"VEHICULO_INTERCAMBIO_ID" NUMBER(*,0), 
	"VENDEDOR_ID" NUMBER(*,0), 
	"CLIENTE_ID" NUMBER(*,0), 
	"LICENCIA_MATRICULA" VARCHAR2(255 BYTE), 
	"PRECIO_TOTAL" NUMBER, 
	"TOTAL_IMPUESTO" NUMBER
   ) ;
--------------------------------------------------------
--  DDL for Table VEHICULOS
--------------------------------------------------------

  CREATE TABLE "USER_TALLER2"."VEHICULOS" 
   (	"ID" NUMBER(*,0), 
	"MODELO" VARCHAR2(255 BYTE), 
	"ANIO" VARCHAR2(255 BYTE), 
	"NOMBRE" VARCHAR2(255 BYTE), 
	"NOMBRE_FABRICANTE" VARCHAR2(255 BYTE), 
	"COSTO_FABRICANTE" NUMBER, 
	"VIN" VARCHAR2(255 BYTE), 
	"COSTO_INTERCAMBIO" NUMBER, 
	"PRECIO_VENTA" NUMBER
   ) ;
--------------------------------------------------------
--  DDL for Table VENDEDORES
--------------------------------------------------------

  CREATE TABLE "USER_TALLER2"."VENDEDORES" 
   (	"ID" NUMBER(*,0), 
	"NOMBRE" VARCHAR2(255 BYTE), 
	"TELEFONO" VARCHAR2(255 BYTE), 
	"EMAIL" VARCHAR2(255 BYTE)
   ) ;
--------------------------------------------------------
--  DDL for Sequence ATRIBUTO_FACTURA_SEQUENCE
--------------------------------------------------------

   CREATE SEQUENCE  "USER_TALLER2"."ATRIBUTO_FACTURA_SEQUENCE"  MINVALUE 1 MAXVALUE 9999999999999999999999999999 INCREMENT BY 1 START WITH 7021 NOCACHE  NOORDER  NOCYCLE ;
--------------------------------------------------------
--  DDL for Sequence ATRIBUTO_SEQUENCE
--------------------------------------------------------

   CREATE SEQUENCE  "USER_TALLER2"."ATRIBUTO_SEQUENCE"  MINVALUE 1 MAXVALUE 9999999999999999999999999999 INCREMENT BY 1 START WITH 2017 NOCACHE  NOORDER  NOCYCLE ;
--------------------------------------------------------
--  DDL for Sequence CLIENTE_SEQUENCE
--------------------------------------------------------

   CREATE SEQUENCE  "USER_TALLER2"."CLIENTE_SEQUENCE"  MINVALUE 1 MAXVALUE 9999999999999999999999999999 INCREMENT BY 1 START WITH 1020 NOCACHE  NOORDER  NOCYCLE ;
--------------------------------------------------------
--  DDL for Sequence FACTURA_SEQUENCE
--------------------------------------------------------

   CREATE SEQUENCE  "USER_TALLER2"."FACTURA_SEQUENCE"  MINVALUE 1 MAXVALUE 9999999999999999999999999999 INCREMENT BY 1 START WITH 6021 NOCACHE  NOORDER  NOCYCLE ;
--------------------------------------------------------
--  DDL for Sequence HISTORICO_VEHICULO_SEQUENCE
--------------------------------------------------------

   CREATE SEQUENCE  "USER_TALLER2"."HISTORICO_VEHICULO_SEQUENCE"  MINVALUE 1 MAXVALUE 9999999999999999999999999999 INCREMENT BY 1 START WITH 8021 NOCACHE  NOORDER  NOCYCLE ;
--------------------------------------------------------
--  DDL for Sequence VEHICULO_SEQUENCE
--------------------------------------------------------

   CREATE SEQUENCE  "USER_TALLER2"."VEHICULO_SEQUENCE"  MINVALUE 1 MAXVALUE 9999999999999999999999999999 INCREMENT BY 1 START WITH 3051 NOCACHE  NOORDER  NOCYCLE ;
--------------------------------------------------------
--  DDL for Sequence VENDEDORE_SEQUENCE
--------------------------------------------------------

   CREATE SEQUENCE  "USER_TALLER2"."VENDEDORE_SEQUENCE"  MINVALUE 1 MAXVALUE 9999999999999999999999999999 INCREMENT BY 1 START WITH 11 NOCACHE  NOORDER  NOCYCLE ;
REM INSERTING into USER_TALLER2.ATRIBUTOS
SET DEFINE OFF;
Insert into USER_TALLER2.ATRIBUTOS (ID,CODIGO,COSTO,DESCRIPCION,NOMBRE_FABRICANTE,PRECIO_UNIDAD,UNIDADES_DISPONIBLES) values ('2000','M81UF2IK','995500','Licuadora','kalley','284796','24');
Insert into USER_TALLER2.ATRIBUTOS (ID,CODIGO,COSTO,DESCRIPCION,NOMBRE_FABRICANTE,PRECIO_UNIDAD,UNIDADES_DISPONIBLES) values ('2001','J91GF1ZH','101042','sanduchera','LG','691775','46');
Insert into USER_TALLER2.ATRIBUTOS (ID,CODIGO,COSTO,DESCRIPCION,NOMBRE_FABRICANTE,PRECIO_UNIDAD,UNIDADES_DISPONIBLES) values ('2002','H86OM2VE','5458295','microondas','Samsung','1102323','33');
Insert into USER_TALLER2.ATRIBUTOS (ID,CODIGO,COSTO,DESCRIPCION,NOMBRE_FABRICANTE,PRECIO_UNIDAD,UNIDADES_DISPONIBLES) values ('2003','J16IJ0RR','1364105','sanduchera','whirlpool','275909','17');
Insert into USER_TALLER2.ATRIBUTOS (ID,CODIGO,COSTO,DESCRIPCION,NOMBRE_FABRICANTE,PRECIO_UNIDAD,UNIDADES_DISPONIBLES) values ('2004','N14EQ1BH','3986658','Lavadora','whirlpool','1356690','33');
Insert into USER_TALLER2.ATRIBUTOS (ID,CODIGO,COSTO,DESCRIPCION,NOMBRE_FABRICANTE,PRECIO_UNIDAD,UNIDADES_DISPONIBLES) values ('2005','H50YJ0RD','1362578','Estufa','LG','250190','21');
Insert into USER_TALLER2.ATRIBUTOS (ID,CODIGO,COSTO,DESCRIPCION,NOMBRE_FABRICANTE,PRECIO_UNIDAD,UNIDADES_DISPONIBLES) values ('2006','O31JG1UR','5502868','microondas','LG','156049','25');
Insert into USER_TALLER2.ATRIBUTOS (ID,CODIGO,COSTO,DESCRIPCION,NOMBRE_FABRICANTE,PRECIO_UNIDAD,UNIDADES_DISPONIBLES) values ('2007','G31KS5LI','2864210','nevera','LG','622037','22');
Insert into USER_TALLER2.ATRIBUTOS (ID,CODIGO,COSTO,DESCRIPCION,NOMBRE_FABRICANTE,PRECIO_UNIDAD,UNIDADES_DISPONIBLES) values ('2008','J46LC6QC','4036931','Licuadora','whirlpool','294554','27');
Insert into USER_TALLER2.ATRIBUTOS (ID,CODIGO,COSTO,DESCRIPCION,NOMBRE_FABRICANTE,PRECIO_UNIDAD,UNIDADES_DISPONIBLES) values ('2009','S25HG8FQ','1879082','microondas','LG','275257','23');
Insert into USER_TALLER2.ATRIBUTOS (ID,CODIGO,COSTO,DESCRIPCION,NOMBRE_FABRICANTE,PRECIO_UNIDAD,UNIDADES_DISPONIBLES) values ('2010','C12SL8QV','4669637','Licuadora','Samsung','710960','47');
Insert into USER_TALLER2.ATRIBUTOS (ID,CODIGO,COSTO,DESCRIPCION,NOMBRE_FABRICANTE,PRECIO_UNIDAD,UNIDADES_DISPONIBLES) values ('2011','L26DG7AT','6458041','microondas','kalley','834906','42');
Insert into USER_TALLER2.ATRIBUTOS (ID,CODIGO,COSTO,DESCRIPCION,NOMBRE_FABRICANTE,PRECIO_UNIDAD,UNIDADES_DISPONIBLES) values ('2012','Z46SU8PR','5549527','Estufa','whirlpool','1032175','22');
Insert into USER_TALLER2.ATRIBUTOS (ID,CODIGO,COSTO,DESCRIPCION,NOMBRE_FABRICANTE,PRECIO_UNIDAD,UNIDADES_DISPONIBLES) values ('2013','I85TR9ZT','6514173','microondas','whirlpool','495098','26');
Insert into USER_TALLER2.ATRIBUTOS (ID,CODIGO,COSTO,DESCRIPCION,NOMBRE_FABRICANTE,PRECIO_UNIDAD,UNIDADES_DISPONIBLES) values ('2014','F28IK3QL','1740343','Estufa','kalley','427451','29');
Insert into USER_TALLER2.ATRIBUTOS (ID,CODIGO,COSTO,DESCRIPCION,NOMBRE_FABRICANTE,PRECIO_UNIDAD,UNIDADES_DISPONIBLES) values ('2015','N42LX9LJ','5045351','Estufa','Samsung','1121277','23');
Insert into USER_TALLER2.ATRIBUTOS (ID,CODIGO,COSTO,DESCRIPCION,NOMBRE_FABRICANTE,PRECIO_UNIDAD,UNIDADES_DISPONIBLES) values ('2016','L86OI0YX','6546791','sanduchera','LG','490017','39');
REM INSERTING into USER_TALLER2.ATRIBUTOS_FACTURAS
SET DEFINE OFF;
Insert into USER_TALLER2.ATRIBUTOS_FACTURAS (ID,PRECIO,FACTURA_ID,ATRIBUTO_ID) values ('7000','788873','6002','2012');
Insert into USER_TALLER2.ATRIBUTOS_FACTURAS (ID,PRECIO,FACTURA_ID,ATRIBUTO_ID) values ('7001','3388781','6014','2007');
Insert into USER_TALLER2.ATRIBUTOS_FACTURAS (ID,PRECIO,FACTURA_ID,ATRIBUTO_ID) values ('7002','4148724','6001','2011');
Insert into USER_TALLER2.ATRIBUTOS_FACTURAS (ID,PRECIO,FACTURA_ID,ATRIBUTO_ID) values ('7003','598182','6009','2011');
Insert into USER_TALLER2.ATRIBUTOS_FACTURAS (ID,PRECIO,FACTURA_ID,ATRIBUTO_ID) values ('7004','4466116','6012','2016');
Insert into USER_TALLER2.ATRIBUTOS_FACTURAS (ID,PRECIO,FACTURA_ID,ATRIBUTO_ID) values ('7005','4816890','6011','2003');
Insert into USER_TALLER2.ATRIBUTOS_FACTURAS (ID,PRECIO,FACTURA_ID,ATRIBUTO_ID) values ('7006','847435','6006','2003');
Insert into USER_TALLER2.ATRIBUTOS_FACTURAS (ID,PRECIO,FACTURA_ID,ATRIBUTO_ID) values ('7007','2466880','6002','2003');
Insert into USER_TALLER2.ATRIBUTOS_FACTURAS (ID,PRECIO,FACTURA_ID,ATRIBUTO_ID) values ('7008','1883927','6020','2014');
Insert into USER_TALLER2.ATRIBUTOS_FACTURAS (ID,PRECIO,FACTURA_ID,ATRIBUTO_ID) values ('7009','3063418','6013','2004');
Insert into USER_TALLER2.ATRIBUTOS_FACTURAS (ID,PRECIO,FACTURA_ID,ATRIBUTO_ID) values ('7010','1466046','6019','2007');
Insert into USER_TALLER2.ATRIBUTOS_FACTURAS (ID,PRECIO,FACTURA_ID,ATRIBUTO_ID) values ('7011','3388269','6003','2010');
Insert into USER_TALLER2.ATRIBUTOS_FACTURAS (ID,PRECIO,FACTURA_ID,ATRIBUTO_ID) values ('7012','3572744','6000','2003');
Insert into USER_TALLER2.ATRIBUTOS_FACTURAS (ID,PRECIO,FACTURA_ID,ATRIBUTO_ID) values ('7013','3847416','6000','2002');
Insert into USER_TALLER2.ATRIBUTOS_FACTURAS (ID,PRECIO,FACTURA_ID,ATRIBUTO_ID) values ('7014','1909541','6008','2001');
Insert into USER_TALLER2.ATRIBUTOS_FACTURAS (ID,PRECIO,FACTURA_ID,ATRIBUTO_ID) values ('7015','632114','6006','2008');
Insert into USER_TALLER2.ATRIBUTOS_FACTURAS (ID,PRECIO,FACTURA_ID,ATRIBUTO_ID) values ('7016','637542','6017','2000');
Insert into USER_TALLER2.ATRIBUTOS_FACTURAS (ID,PRECIO,FACTURA_ID,ATRIBUTO_ID) values ('7017','2254767','6008','2006');
Insert into USER_TALLER2.ATRIBUTOS_FACTURAS (ID,PRECIO,FACTURA_ID,ATRIBUTO_ID) values ('7018','2471809','6008','2016');
Insert into USER_TALLER2.ATRIBUTOS_FACTURAS (ID,PRECIO,FACTURA_ID,ATRIBUTO_ID) values ('7019','4914721','6000','2009');
Insert into USER_TALLER2.ATRIBUTOS_FACTURAS (ID,PRECIO,FACTURA_ID,ATRIBUTO_ID) values ('7020','533931','6002','2010');
REM INSERTING into USER_TALLER2.CLIENTES
SET DEFINE OFF;
Insert into USER_TALLER2.CLIENTES (ID,NOMBRE,TELEFONO,EMAIL,DIRECCION) values ('1000','Gavin Decker','(692) 985-3734','Duis.mi.enim@pretium.net','211-3771 Nisl Av.');
Insert into USER_TALLER2.CLIENTES (ID,NOMBRE,TELEFONO,EMAIL,DIRECCION) values ('1001','Cole Emerson','(329) 374-6031','arcu@molestiesodales.co.uk','P.O. Box 563, 7126 Est, St.');
Insert into USER_TALLER2.CLIENTES (ID,NOMBRE,TELEFONO,EMAIL,DIRECCION) values ('1002','Dante Vincent','(852) 944-8668','ultricies.ornare.elit@euenim.edu','5478 Accumsan Rd.');
Insert into USER_TALLER2.CLIENTES (ID,NOMBRE,TELEFONO,EMAIL,DIRECCION) values ('1003','Oliver Hancock','(778) 389-8744','luctus.aliquet.odio@gravida.co.uk','805-9521 Tortor St.');
Insert into USER_TALLER2.CLIENTES (ID,NOMBRE,TELEFONO,EMAIL,DIRECCION) values ('1004','Ralph Holcomb','(541) 307-8842','id.erat@nonlaciniaat.co.uk','880 Mauris, Rd.');
Insert into USER_TALLER2.CLIENTES (ID,NOMBRE,TELEFONO,EMAIL,DIRECCION) values ('1005','Tarik Marquez','(375) 348-6631','dui.nec@sociosquadlitora.com','2931 Diam Ave');
Insert into USER_TALLER2.CLIENTES (ID,NOMBRE,TELEFONO,EMAIL,DIRECCION) values ('1006','Quamar Payne','(501) 267-5901','Vestibulum.ante.ipsum@acmattis.org','Ap #832-2264 Fringilla Street');
Insert into USER_TALLER2.CLIENTES (ID,NOMBRE,TELEFONO,EMAIL,DIRECCION) values ('1007','Quentin Hurst','(494) 892-5066','convallis@gravida.org','Ap #362-5336 Tellus Street');
Insert into USER_TALLER2.CLIENTES (ID,NOMBRE,TELEFONO,EMAIL,DIRECCION) values ('1008','Neil Mercer','(761) 554-1240','orci.Donec@Etiamgravida.ca','593-5970 Amet Avenue');
Insert into USER_TALLER2.CLIENTES (ID,NOMBRE,TELEFONO,EMAIL,DIRECCION) values ('1009','Thor Salazar','(380) 244-2923','In@dignissim.com','P.O. Box 606, 1702 Turpis Road');
Insert into USER_TALLER2.CLIENTES (ID,NOMBRE,TELEFONO,EMAIL,DIRECCION) values ('1010','Kennan Wilkerson','(181) 749-9467','sodales.elit.erat@commodoipsumSuspendisse.net','119-9608 Auctor Rd.');
Insert into USER_TALLER2.CLIENTES (ID,NOMBRE,TELEFONO,EMAIL,DIRECCION) values ('1011','Ishmael Knapp','(724) 527-6174','vel@in.org','636-6274 Lobortis Avenue');
Insert into USER_TALLER2.CLIENTES (ID,NOMBRE,TELEFONO,EMAIL,DIRECCION) values ('1012','Lane Murray','(792) 811-2164','Fusce@massaMaurisvestibulum.com','8088 Orci. Street');
Insert into USER_TALLER2.CLIENTES (ID,NOMBRE,TELEFONO,EMAIL,DIRECCION) values ('1013','Bradley Gilmore','(638) 307-2890','cursus.purus.Nullam@pellentesqueeget.edu','Ap #551-1611 Aenean Avenue');
Insert into USER_TALLER2.CLIENTES (ID,NOMBRE,TELEFONO,EMAIL,DIRECCION) values ('1014','Clarke Dodson','(314) 881-9145','Vestibulum.accumsan@atarcu.ca','217-8240 Eros. Rd.');
Insert into USER_TALLER2.CLIENTES (ID,NOMBRE,TELEFONO,EMAIL,DIRECCION) values ('1015','Ezra Gonzalez','(736) 424-8813','Suspendisse.eleifend@Quisqueimperdiet.co.uk','P.O. Box 266, 1107 Consectetuer Ave');
Insert into USER_TALLER2.CLIENTES (ID,NOMBRE,TELEFONO,EMAIL,DIRECCION) values ('1016','Clark Pace','(945) 279-7970','tristique.neque.venenatis@augueeutellus.co.uk','931-9674 Sagittis. Road');
Insert into USER_TALLER2.CLIENTES (ID,NOMBRE,TELEFONO,EMAIL,DIRECCION) values ('1017','Herman Berger','(195) 801-1131','mi.fringilla.mi@Integerid.co.uk','P.O. Box 441, 3890 Dictum Rd.');
Insert into USER_TALLER2.CLIENTES (ID,NOMBRE,TELEFONO,EMAIL,DIRECCION) values ('1018','Benedict Glover','(149) 868-9460','nascetur@eu.org','767-835 Aliquet St.');
Insert into USER_TALLER2.CLIENTES (ID,NOMBRE,TELEFONO,EMAIL,DIRECCION) values ('1019','Branden Blankenship','(133) 455-5547','Fusce.dolor@etnetuset.org','106-589 Pede Rd.');
REM INSERTING into USER_TALLER2.DATOS_HISTORICOS_VEHICULOS
SET DEFINE OFF;
Insert into USER_TALLER2.DATOS_HISTORICOS_VEHICULOS (ID,VEHICULO_ID,FACTURA_ID,FECHA,TIPO) values ('8000','3034','6012','03-29-17','nuevo');
Insert into USER_TALLER2.DATOS_HISTORICOS_VEHICULOS (ID,VEHICULO_ID,FACTURA_ID,FECHA,TIPO) values ('8001','3013',null,'02-08-17','intercambio');
Insert into USER_TALLER2.DATOS_HISTORICOS_VEHICULOS (ID,VEHICULO_ID,FACTURA_ID,FECHA,TIPO) values ('8002','3004','6018','01-16-17','vendido');
Insert into USER_TALLER2.DATOS_HISTORICOS_VEHICULOS (ID,VEHICULO_ID,FACTURA_ID,FECHA,TIPO) values ('8003','3034','6009','12-16-16','intercambio');
Insert into USER_TALLER2.DATOS_HISTORICOS_VEHICULOS (ID,VEHICULO_ID,FACTURA_ID,FECHA,TIPO) values ('8004','3010',null,'11-05-17','nuevo');
Insert into USER_TALLER2.DATOS_HISTORICOS_VEHICULOS (ID,VEHICULO_ID,FACTURA_ID,FECHA,TIPO) values ('8005','3036',null,'06-18-18','intercambio');
Insert into USER_TALLER2.DATOS_HISTORICOS_VEHICULOS (ID,VEHICULO_ID,FACTURA_ID,FECHA,TIPO) values ('8006','3030','6005','05-18-17','intercambio');
Insert into USER_TALLER2.DATOS_HISTORICOS_VEHICULOS (ID,VEHICULO_ID,FACTURA_ID,FECHA,TIPO) values ('8007','3042','6008','05-16-17','intercambio');
Insert into USER_TALLER2.DATOS_HISTORICOS_VEHICULOS (ID,VEHICULO_ID,FACTURA_ID,FECHA,TIPO) values ('8008','3008','6000','05-09-18','vendido');
Insert into USER_TALLER2.DATOS_HISTORICOS_VEHICULOS (ID,VEHICULO_ID,FACTURA_ID,FECHA,TIPO) values ('8009','3025','6010','12-23-17','nuevo');
Insert into USER_TALLER2.DATOS_HISTORICOS_VEHICULOS (ID,VEHICULO_ID,FACTURA_ID,FECHA,TIPO) values ('8010','3010',null,'10-05-17','nuevo');
Insert into USER_TALLER2.DATOS_HISTORICOS_VEHICULOS (ID,VEHICULO_ID,FACTURA_ID,FECHA,TIPO) values ('8011','3034','6013','09-28-17','intercambio');
Insert into USER_TALLER2.DATOS_HISTORICOS_VEHICULOS (ID,VEHICULO_ID,FACTURA_ID,FECHA,TIPO) values ('8012','3037','6002','01-12-17','nuevo');
Insert into USER_TALLER2.DATOS_HISTORICOS_VEHICULOS (ID,VEHICULO_ID,FACTURA_ID,FECHA,TIPO) values ('8013','3015','6014','06-30-18','nuevo');
Insert into USER_TALLER2.DATOS_HISTORICOS_VEHICULOS (ID,VEHICULO_ID,FACTURA_ID,FECHA,TIPO) values ('8014','3020','6011','06-18-17','nuevo');
Insert into USER_TALLER2.DATOS_HISTORICOS_VEHICULOS (ID,VEHICULO_ID,FACTURA_ID,FECHA,TIPO) values ('8015','3048',null,'05-10-17','nuevo');
Insert into USER_TALLER2.DATOS_HISTORICOS_VEHICULOS (ID,VEHICULO_ID,FACTURA_ID,FECHA,TIPO) values ('8016','3026','6017','07-02-18','vendido');
Insert into USER_TALLER2.DATOS_HISTORICOS_VEHICULOS (ID,VEHICULO_ID,FACTURA_ID,FECHA,TIPO) values ('8017','3015','6004','04-24-18','intercambio');
Insert into USER_TALLER2.DATOS_HISTORICOS_VEHICULOS (ID,VEHICULO_ID,FACTURA_ID,FECHA,TIPO) values ('8018','3037',null,'02-20-17','nuevo');
Insert into USER_TALLER2.DATOS_HISTORICOS_VEHICULOS (ID,VEHICULO_ID,FACTURA_ID,FECHA,TIPO) values ('8019','3003','6016','04-28-17','nuevo');
Insert into USER_TALLER2.DATOS_HISTORICOS_VEHICULOS (ID,VEHICULO_ID,FACTURA_ID,FECHA,TIPO) values ('8020','3008',null,'10-09-17','nuevo');
REM INSERTING into USER_TALLER2.FACTURAS
SET DEFINE OFF;
Insert into USER_TALLER2.FACTURAS (ID,VEHICULO_ID,VEHICULO_INTERCAMBIO_ID,VENDEDOR_ID,CLIENTE_ID,LICENCIA_MATRICULA,PRECIO_TOTAL,TOTAL_IMPUESTO) values ('6000','3038',null,'8','1009','9102131199','159509565','1629601');
Insert into USER_TALLER2.FACTURAS (ID,VEHICULO_ID,VEHICULO_INTERCAMBIO_ID,VENDEDOR_ID,CLIENTE_ID,LICENCIA_MATRICULA,PRECIO_TOTAL,TOTAL_IMPUESTO) values ('6001','3006','3006','3','1016','3715256392','143552688','1970389');
Insert into USER_TALLER2.FACTURAS (ID,VEHICULO_ID,VEHICULO_INTERCAMBIO_ID,VENDEDOR_ID,CLIENTE_ID,LICENCIA_MATRICULA,PRECIO_TOTAL,TOTAL_IMPUESTO) values ('6002','3012','3012','3','1006','8936633861','171896364','2848732');
Insert into USER_TALLER2.FACTURAS (ID,VEHICULO_ID,VEHICULO_INTERCAMBIO_ID,VENDEDOR_ID,CLIENTE_ID,LICENCIA_MATRICULA,PRECIO_TOTAL,TOTAL_IMPUESTO) values ('6003','3000',null,'4','1003','9902207291','50903394','2153274');
Insert into USER_TALLER2.FACTURAS (ID,VEHICULO_ID,VEHICULO_INTERCAMBIO_ID,VENDEDOR_ID,CLIENTE_ID,LICENCIA_MATRICULA,PRECIO_TOTAL,TOTAL_IMPUESTO) values ('6004','3047','3047','2','1014','6978584862','44399771','2586926');
Insert into USER_TALLER2.FACTURAS (ID,VEHICULO_ID,VEHICULO_INTERCAMBIO_ID,VENDEDOR_ID,CLIENTE_ID,LICENCIA_MATRICULA,PRECIO_TOTAL,TOTAL_IMPUESTO) values ('6005','3037',null,'2','1003','8234097671','128164296','1041578');
Insert into USER_TALLER2.FACTURAS (ID,VEHICULO_ID,VEHICULO_INTERCAMBIO_ID,VENDEDOR_ID,CLIENTE_ID,LICENCIA_MATRICULA,PRECIO_TOTAL,TOTAL_IMPUESTO) values ('6006','3026',null,'6','1014','8504685465','84381292','2164183');
Insert into USER_TALLER2.FACTURAS (ID,VEHICULO_ID,VEHICULO_INTERCAMBIO_ID,VENDEDOR_ID,CLIENTE_ID,LICENCIA_MATRICULA,PRECIO_TOTAL,TOTAL_IMPUESTO) values ('6007','3016',null,'5','1016','7189597462','59048941','895690');
Insert into USER_TALLER2.FACTURAS (ID,VEHICULO_ID,VEHICULO_INTERCAMBIO_ID,VENDEDOR_ID,CLIENTE_ID,LICENCIA_MATRICULA,PRECIO_TOTAL,TOTAL_IMPUESTO) values ('6008','3042',null,'4','1010','9988189598','169417932','2690133');
Insert into USER_TALLER2.FACTURAS (ID,VEHICULO_ID,VEHICULO_INTERCAMBIO_ID,VENDEDOR_ID,CLIENTE_ID,LICENCIA_MATRICULA,PRECIO_TOTAL,TOTAL_IMPUESTO) values ('6009','3008','3008','2','1010','8438500429','60100715','673301');
Insert into USER_TALLER2.FACTURAS (ID,VEHICULO_ID,VEHICULO_INTERCAMBIO_ID,VENDEDOR_ID,CLIENTE_ID,LICENCIA_MATRICULA,PRECIO_TOTAL,TOTAL_IMPUESTO) values ('6010','3039',null,'8','1006','2438684153','179418087','638898');
Insert into USER_TALLER2.FACTURAS (ID,VEHICULO_ID,VEHICULO_INTERCAMBIO_ID,VENDEDOR_ID,CLIENTE_ID,LICENCIA_MATRICULA,PRECIO_TOTAL,TOTAL_IMPUESTO) values ('6011','3012',null,'7','1002','2335372227','64683353','1756922');
Insert into USER_TALLER2.FACTURAS (ID,VEHICULO_ID,VEHICULO_INTERCAMBIO_ID,VENDEDOR_ID,CLIENTE_ID,LICENCIA_MATRICULA,PRECIO_TOTAL,TOTAL_IMPUESTO) values ('6012','3047',null,'5','1002','6160899967','182999384','1158396');
Insert into USER_TALLER2.FACTURAS (ID,VEHICULO_ID,VEHICULO_INTERCAMBIO_ID,VENDEDOR_ID,CLIENTE_ID,LICENCIA_MATRICULA,PRECIO_TOTAL,TOTAL_IMPUESTO) values ('6013','3011','3011','5','1014','4642242244','131333250','997005');
Insert into USER_TALLER2.FACTURAS (ID,VEHICULO_ID,VEHICULO_INTERCAMBIO_ID,VENDEDOR_ID,CLIENTE_ID,LICENCIA_MATRICULA,PRECIO_TOTAL,TOTAL_IMPUESTO) values ('6014','3032',null,'8','1011','2908828558','107689773','1348183');
Insert into USER_TALLER2.FACTURAS (ID,VEHICULO_ID,VEHICULO_INTERCAMBIO_ID,VENDEDOR_ID,CLIENTE_ID,LICENCIA_MATRICULA,PRECIO_TOTAL,TOTAL_IMPUESTO) values ('6015','3046',null,'9','1002','4343088650','98981639','2348170');
Insert into USER_TALLER2.FACTURAS (ID,VEHICULO_ID,VEHICULO_INTERCAMBIO_ID,VENDEDOR_ID,CLIENTE_ID,LICENCIA_MATRICULA,PRECIO_TOTAL,TOTAL_IMPUESTO) values ('6016','3021','3021','2','1007','4092402563','128483982','1884617');
Insert into USER_TALLER2.FACTURAS (ID,VEHICULO_ID,VEHICULO_INTERCAMBIO_ID,VENDEDOR_ID,CLIENTE_ID,LICENCIA_MATRICULA,PRECIO_TOTAL,TOTAL_IMPUESTO) values ('6017','3036',null,'9','1006','3397374022','47441076','2898682');
Insert into USER_TALLER2.FACTURAS (ID,VEHICULO_ID,VEHICULO_INTERCAMBIO_ID,VENDEDOR_ID,CLIENTE_ID,LICENCIA_MATRICULA,PRECIO_TOTAL,TOTAL_IMPUESTO) values ('6018','3048','3048','7','1004','3270428912','173013849','882896');
Insert into USER_TALLER2.FACTURAS (ID,VEHICULO_ID,VEHICULO_INTERCAMBIO_ID,VENDEDOR_ID,CLIENTE_ID,LICENCIA_MATRICULA,PRECIO_TOTAL,TOTAL_IMPUESTO) values ('6019','3006',null,'1','1011','1148793592','147838921','2073992');
Insert into USER_TALLER2.FACTURAS (ID,VEHICULO_ID,VEHICULO_INTERCAMBIO_ID,VENDEDOR_ID,CLIENTE_ID,LICENCIA_MATRICULA,PRECIO_TOTAL,TOTAL_IMPUESTO) values ('6020','3048',null,'9','1002','5122477226','39151927','1319542');
REM INSERTING into USER_TALLER2.VEHICULOS
SET DEFINE OFF;
Insert into USER_TALLER2.VEHICULOS (ID,MODELO,ANIO,NOMBRE,NOMBRE_FABRICANTE,COSTO_FABRICANTE,VIN,COSTO_INTERCAMBIO,PRECIO_VENTA) values ('3000','2017','01-19-17','Human Resources','Maruti Suzuki','70185623','MUA47NEI4XK652VAG',null,'110330170');
Insert into USER_TALLER2.VEHICULOS (ID,MODELO,ANIO,NOMBRE,NOMBRE_FABRICANTE,COSTO_FABRICANTE,VIN,COSTO_INTERCAMBIO,PRECIO_VENTA) values ('3001','2018','01-31-17','Advertising','Cadillac','72252923','USW08YIE3GJ456RUE',null,'75185639');
Insert into USER_TALLER2.VEHICULOS (ID,MODELO,ANIO,NOMBRE,NOMBRE_FABRICANTE,COSTO_FABRICANTE,VIN,COSTO_INTERCAMBIO,PRECIO_VENTA) values ('3002','2018','08-28-18','Accounting','Porsche','112614706','KUC53AWY5NN240KEK',null,'82741335');
Insert into USER_TALLER2.VEHICULOS (ID,MODELO,ANIO,NOMBRE,NOMBRE_FABRICANTE,COSTO_FABRICANTE,VIN,COSTO_INTERCAMBIO,PRECIO_VENTA) values ('3003','2018','04-19-17','Research and Development','Honda','45904289','SYR58OUO7EQ447HTM',null,'100728838');
Insert into USER_TALLER2.VEHICULOS (ID,MODELO,ANIO,NOMBRE,NOMBRE_FABRICANTE,COSTO_FABRICANTE,VIN,COSTO_INTERCAMBIO,PRECIO_VENTA) values ('3004','2017','09-24-17','Payroll','Buick','54759127','HWY04FLR1VI098DFG',null,'116486629');
Insert into USER_TALLER2.VEHICULOS (ID,MODELO,ANIO,NOMBRE,NOMBRE_FABRICANTE,COSTO_FABRICANTE,VIN,COSTO_INTERCAMBIO,PRECIO_VENTA) values ('3005','2017','07-02-17','Customer Service','Renault','65881755','JBO05ZLR3DS556IZK',null,'67289360');
Insert into USER_TALLER2.VEHICULOS (ID,MODELO,ANIO,NOMBRE,NOMBRE_FABRICANTE,COSTO_FABRICANTE,VIN,COSTO_INTERCAMBIO,PRECIO_VENTA) values ('3006','2017','08-17-17','Public Relations','Dacia',null,'TCI13PGQ4CR610RWC','35474555','126240457');
Insert into USER_TALLER2.VEHICULOS (ID,MODELO,ANIO,NOMBRE,NOMBRE_FABRICANTE,COSTO_FABRICANTE,VIN,COSTO_INTERCAMBIO,PRECIO_VENTA) values ('3007','2017','05-18-17','Accounting','FAW','83182267','FDV12KDB0ZD582ICN',null,'105459247');
Insert into USER_TALLER2.VEHICULOS (ID,MODELO,ANIO,NOMBRE,NOMBRE_FABRICANTE,COSTO_FABRICANTE,VIN,COSTO_INTERCAMBIO,PRECIO_VENTA) values ('3008','2018','04-10-18','Media Relations','Buick','35066170','KHM22IFV0YU400PCB',null,'59551303');
Insert into USER_TALLER2.VEHICULOS (ID,MODELO,ANIO,NOMBRE,NOMBRE_FABRICANTE,COSTO_FABRICANTE,VIN,COSTO_INTERCAMBIO,PRECIO_VENTA) values ('3009','2017','09-05-18','Customer Relations','MINI','51330753','ZLA03DKF7JW660GVC','30266985','168589999');
Insert into USER_TALLER2.VEHICULOS (ID,MODELO,ANIO,NOMBRE,NOMBRE_FABRICANTE,COSTO_FABRICANTE,VIN,COSTO_INTERCAMBIO,PRECIO_VENTA) values ('3010','2018','02-04-17','Advertising','Cadillac','31319652','MAK69QMB0ZU088AHJ',null,'148552679');
Insert into USER_TALLER2.VEHICULOS (ID,MODELO,ANIO,NOMBRE,NOMBRE_FABRICANTE,COSTO_FABRICANTE,VIN,COSTO_INTERCAMBIO,PRECIO_VENTA) values ('3011','2017','06-30-18','Legal Department','Nissan','36507360','UKX82BHT0CF619QQQ',null,'122198717');
Insert into USER_TALLER2.VEHICULOS (ID,MODELO,ANIO,NOMBRE,NOMBRE_FABRICANTE,COSTO_FABRICANTE,VIN,COSTO_INTERCAMBIO,PRECIO_VENTA) values ('3012','2017','04-17-18','Sales and Marketing','Dodge',null,'YOP81SVE7NV254PJI','44822402','63058859');
Insert into USER_TALLER2.VEHICULOS (ID,MODELO,ANIO,NOMBRE,NOMBRE_FABRICANTE,COSTO_FABRICANTE,VIN,COSTO_INTERCAMBIO,PRECIO_VENTA) values ('3013','2018','09-18-18','Public Relations','Suzuki','35003505','XYT21LFH5ID237VAM',null,'33424745');
Insert into USER_TALLER2.VEHICULOS (ID,MODELO,ANIO,NOMBRE,NOMBRE_FABRICANTE,COSTO_FABRICANTE,VIN,COSTO_INTERCAMBIO,PRECIO_VENTA) values ('3014','2017','11-27-17','Legal Department','Volkswagen','67420642','JTZ89HCH5SN548BAM',null,'129976456');
Insert into USER_TALLER2.VEHICULOS (ID,MODELO,ANIO,NOMBRE,NOMBRE_FABRICANTE,COSTO_FABRICANTE,VIN,COSTO_INTERCAMBIO,PRECIO_VENTA) values ('3015','2017','07-14-17','Quality Assurance','Peugeot','70919846','JHP30WJY5RQ214GNY',null,'81389678');
Insert into USER_TALLER2.VEHICULOS (ID,MODELO,ANIO,NOMBRE,NOMBRE_FABRICANTE,COSTO_FABRICANTE,VIN,COSTO_INTERCAMBIO,PRECIO_VENTA) values ('3016','2018','05-16-17','Finances','Hyundai Motors','76031309','HGB67VYA1HF389DED',null,'173296758');
Insert into USER_TALLER2.VEHICULOS (ID,MODELO,ANIO,NOMBRE,NOMBRE_FABRICANTE,COSTO_FABRICANTE,VIN,COSTO_INTERCAMBIO,PRECIO_VENTA) values ('3017','2017','01-13-18','Payroll','Mitsubishi Motors','113375284','VCW07PKG7NE785BHA','40984352','152571000');
Insert into USER_TALLER2.VEHICULOS (ID,MODELO,ANIO,NOMBRE,NOMBRE_FABRICANTE,COSTO_FABRICANTE,VIN,COSTO_INTERCAMBIO,PRECIO_VENTA) values ('3018','2018','01-03-18','Advertising','Audi','20400967','DTE97YFX8FB742LZX',null,'136625637');
Insert into USER_TALLER2.VEHICULOS (ID,MODELO,ANIO,NOMBRE,NOMBRE_FABRICANTE,COSTO_FABRICANTE,VIN,COSTO_INTERCAMBIO,PRECIO_VENTA) values ('3019','2017','11-02-17','Accounting','Mazda','86610053','HDX25CIY0YU766LEJ',null,'39499320');
Insert into USER_TALLER2.VEHICULOS (ID,MODELO,ANIO,NOMBRE,NOMBRE_FABRICANTE,COSTO_FABRICANTE,VIN,COSTO_INTERCAMBIO,PRECIO_VENTA) values ('3020','2017','11-12-18','Payroll','Chevrolet',null,'NLU67JNH7MT535MHN','25850080','140755643');
Insert into USER_TALLER2.VEHICULOS (ID,MODELO,ANIO,NOMBRE,NOMBRE_FABRICANTE,COSTO_FABRICANTE,VIN,COSTO_INTERCAMBIO,PRECIO_VENTA) values ('3021','2018','04-05-17','Finances','Chevrolet','68804937','SEB77WBX6KR211XZW',null,'92979146');
Insert into USER_TALLER2.VEHICULOS (ID,MODELO,ANIO,NOMBRE,NOMBRE_FABRICANTE,COSTO_FABRICANTE,VIN,COSTO_INTERCAMBIO,PRECIO_VENTA) values ('3022','2017','05-28-18','Advertising','Smart','44280452','JBR82KMJ2AU499KEZ',null,'35976774');
Insert into USER_TALLER2.VEHICULOS (ID,MODELO,ANIO,NOMBRE,NOMBRE_FABRICANTE,COSTO_FABRICANTE,VIN,COSTO_INTERCAMBIO,PRECIO_VENTA) values ('3023','2018','06-06-17','Customer Service','BMW',null,'ATE60QKB8ZC673YHA','36979321','97403603');
Insert into USER_TALLER2.VEHICULOS (ID,MODELO,ANIO,NOMBRE,NOMBRE_FABRICANTE,COSTO_FABRICANTE,VIN,COSTO_INTERCAMBIO,PRECIO_VENTA) values ('3024','2017','04-02-18','Quality Assurance','Acura',null,'FNE20EHH3ZK640NXV','34395921','57212012');
Insert into USER_TALLER2.VEHICULOS (ID,MODELO,ANIO,NOMBRE,NOMBRE_FABRICANTE,COSTO_FABRICANTE,VIN,COSTO_INTERCAMBIO,PRECIO_VENTA) values ('3025','2018','09-09-18','Payroll','Fiat','88169053','WIB86KWR6XR032BAN',null,'104508763');
Insert into USER_TALLER2.VEHICULOS (ID,MODELO,ANIO,NOMBRE,NOMBRE_FABRICANTE,COSTO_FABRICANTE,VIN,COSTO_INTERCAMBIO,PRECIO_VENTA) values ('3026','2018','11-08-17','Payroll','Mahindra and Mahindra','77840051','NWN85RUJ2NX793KYD',null,'162474646');
Insert into USER_TALLER2.VEHICULOS (ID,MODELO,ANIO,NOMBRE,NOMBRE_FABRICANTE,COSTO_FABRICANTE,VIN,COSTO_INTERCAMBIO,PRECIO_VENTA) values ('3027','2017','05-03-17','Human Resources','Lexus','40200502','SKW66TVT0WJ727DAO',null,'45792427');
Insert into USER_TALLER2.VEHICULOS (ID,MODELO,ANIO,NOMBRE,NOMBRE_FABRICANTE,COSTO_FABRICANTE,VIN,COSTO_INTERCAMBIO,PRECIO_VENTA) values ('3028','2017','06-11-17','Human Resources','Buick',null,'LEU48AWE0JA622WYH','29414990','132782034');
Insert into USER_TALLER2.VEHICULOS (ID,MODELO,ANIO,NOMBRE,NOMBRE_FABRICANTE,COSTO_FABRICANTE,VIN,COSTO_INTERCAMBIO,PRECIO_VENTA) values ('3029','2018','05-17-18','Sales and Marketing','Vauxhall','57191662','OBI75HZY4ZV015BRB',null,'108241378');
Insert into USER_TALLER2.VEHICULOS (ID,MODELO,ANIO,NOMBRE,NOMBRE_FABRICANTE,COSTO_FABRICANTE,VIN,COSTO_INTERCAMBIO,PRECIO_VENTA) values ('3030','2017','12-05-17','Finances','Dongfeng Motor','104448560','NQY42VDS4KZ397QDW',null,'98526033');
Insert into USER_TALLER2.VEHICULOS (ID,MODELO,ANIO,NOMBRE,NOMBRE_FABRICANTE,COSTO_FABRICANTE,VIN,COSTO_INTERCAMBIO,PRECIO_VENTA) values ('3031','2017','09-29-17','Research and Development','Buick','30306222','HTA41STB5MY477MJT',null,'165492878');
Insert into USER_TALLER2.VEHICULOS (ID,MODELO,ANIO,NOMBRE,NOMBRE_FABRICANTE,COSTO_FABRICANTE,VIN,COSTO_INTERCAMBIO,PRECIO_VENTA) values ('3032','2018','09-16-17','Asset Management','Audi','102462428','YZP82GYS7BV904OHC',null,'33396312');
Insert into USER_TALLER2.VEHICULOS (ID,MODELO,ANIO,NOMBRE,NOMBRE_FABRICANTE,COSTO_FABRICANTE,VIN,COSTO_INTERCAMBIO,PRECIO_VENTA) values ('3033','2017','01-11-18','Research and Development','Nissan','24041182','GXF19GLV5YT963RXX',null,'44169021');
Insert into USER_TALLER2.VEHICULOS (ID,MODELO,ANIO,NOMBRE,NOMBRE_FABRICANTE,COSTO_FABRICANTE,VIN,COSTO_INTERCAMBIO,PRECIO_VENTA) values ('3034','2017','08-20-17','Sales and Marketing','Suzuki','69698991','EYC70JNT7XQ266FBP',null,'125843836');
Insert into USER_TALLER2.VEHICULOS (ID,MODELO,ANIO,NOMBRE,NOMBRE_FABRICANTE,COSTO_FABRICANTE,VIN,COSTO_INTERCAMBIO,PRECIO_VENTA) values ('3035','2017','06-29-17','Media Relations','Tata Motors','76006337','KQH67VPJ2RV559SUH',null,'110613050');
Insert into USER_TALLER2.VEHICULOS (ID,MODELO,ANIO,NOMBRE,NOMBRE_FABRICANTE,COSTO_FABRICANTE,VIN,COSTO_INTERCAMBIO,PRECIO_VENTA) values ('3036','2017','02-28-17','Research and Development','Buick','21151359','ICP99PJC0WO677TNX',null,'45271772');
Insert into USER_TALLER2.VEHICULOS (ID,MODELO,ANIO,NOMBRE,NOMBRE_FABRICANTE,COSTO_FABRICANTE,VIN,COSTO_INTERCAMBIO,PRECIO_VENTA) values ('3037','2017','10-13-17','Media Relations','Fiat','39973100','DGM15ENK1EF291KBY',null,'156264515');
Insert into USER_TALLER2.VEHICULOS (ID,MODELO,ANIO,NOMBRE,NOMBRE_FABRICANTE,COSTO_FABRICANTE,VIN,COSTO_INTERCAMBIO,PRECIO_VENTA) values ('3038','2017','10-07-18','Research and Development','Jeep',null,'TBP02JWH6UT637QDG','34686214','58847373');
Insert into USER_TALLER2.VEHICULOS (ID,MODELO,ANIO,NOMBRE,NOMBRE_FABRICANTE,COSTO_FABRICANTE,VIN,COSTO_INTERCAMBIO,PRECIO_VENTA) values ('3039','2017','03-05-17','Finances','Renault','48910914','SMW46VEP2BC912DOY',null,'59988446');
Insert into USER_TALLER2.VEHICULOS (ID,MODELO,ANIO,NOMBRE,NOMBRE_FABRICANTE,COSTO_FABRICANTE,VIN,COSTO_INTERCAMBIO,PRECIO_VENTA) values ('3040','2016','04-26-17','Payroll','Renault','102534830','IPR20LGY5NU683EJF',null,'43803667');
Insert into USER_TALLER2.VEHICULOS (ID,MODELO,ANIO,NOMBRE,NOMBRE_FABRICANTE,COSTO_FABRICANTE,VIN,COSTO_INTERCAMBIO,PRECIO_VENTA) values ('3041','2017','11-11-18','Accounting','Chrysler','79439271','ODK40GVY0WS713TSD',null,'69346801');
Insert into USER_TALLER2.VEHICULOS (ID,MODELO,ANIO,NOMBRE,NOMBRE_FABRICANTE,COSTO_FABRICANTE,VIN,COSTO_INTERCAMBIO,PRECIO_VENTA) values ('3042','2016','10-23-17','Asset Management','Lincoln',null,'VFJ66FPR3PU368FGS','31453627','170623401');
Insert into USER_TALLER2.VEHICULOS (ID,MODELO,ANIO,NOMBRE,NOMBRE_FABRICANTE,COSTO_FABRICANTE,VIN,COSTO_INTERCAMBIO,PRECIO_VENTA) values ('3043','2018','11-07-18','Asset Management','MINI','41863298','WQP27FMJ9NG415QJT',null,'156555616');
Insert into USER_TALLER2.VEHICULOS (ID,MODELO,ANIO,NOMBRE,NOMBRE_FABRICANTE,COSTO_FABRICANTE,VIN,COSTO_INTERCAMBIO,PRECIO_VENTA) values ('3044','2017','07-05-18','Payroll','Renault','115767612','XWO87VEY7GK971GJZ',null,'127760939');
Insert into USER_TALLER2.VEHICULOS (ID,MODELO,ANIO,NOMBRE,NOMBRE_FABRICANTE,COSTO_FABRICANTE,VIN,COSTO_INTERCAMBIO,PRECIO_VENTA) values ('3045','2017','09-17-17','Customer Relations','MINI','29812936','MUW28WSE8UC793KTL',null,'144541205');
Insert into USER_TALLER2.VEHICULOS (ID,MODELO,ANIO,NOMBRE,NOMBRE_FABRICANTE,COSTO_FABRICANTE,VIN,COSTO_INTERCAMBIO,PRECIO_VENTA) values ('3046','2017','12-15-16','Research and Development','FAW','104099264','QRP63DGR1RE142DQR',null,'122286783');
Insert into USER_TALLER2.VEHICULOS (ID,MODELO,ANIO,NOMBRE,NOMBRE_FABRICANTE,COSTO_FABRICANTE,VIN,COSTO_INTERCAMBIO,PRECIO_VENTA) values ('3047','2017','03-21-17','Customer Service','Smart','28556271','ZTO62UBW3CH107GWX',null,'31358342');
Insert into USER_TALLER2.VEHICULOS (ID,MODELO,ANIO,NOMBRE,NOMBRE_FABRICANTE,COSTO_FABRICANTE,VIN,COSTO_INTERCAMBIO,PRECIO_VENTA) values ('3048','2017','03-10-18','Advertising','Mitsubishi Motors','102313459','BXA15SRB1IE925EZW',null,'39535856');
Insert into USER_TALLER2.VEHICULOS (ID,MODELO,ANIO,NOMBRE,NOMBRE_FABRICANTE,COSTO_FABRICANTE,VIN,COSTO_INTERCAMBIO,PRECIO_VENTA) values ('3049','2017','12-25-16','Customer Relations','Acura','96535741','JXG63RXE2TX100VYF',null,'102083648');
Insert into USER_TALLER2.VEHICULOS (ID,MODELO,ANIO,NOMBRE,NOMBRE_FABRICANTE,COSTO_FABRICANTE,VIN,COSTO_INTERCAMBIO,PRECIO_VENTA) values ('3050','2018','02-07-18','Asset Management','General Motors','116952409','XAU02FJF5YF475XYN',null,'171814391');
REM INSERTING into USER_TALLER2.VENDEDORES
SET DEFINE OFF;
Insert into USER_TALLER2.VENDEDORES (ID,NOMBRE,TELEFONO,EMAIL) values ('1','Stone Hanson','(361) 670-5880','porta.elit.a@estMauris.net');
Insert into USER_TALLER2.VENDEDORES (ID,NOMBRE,TELEFONO,EMAIL) values ('2','Price Cox','(702) 892-9716','vestibulum.lorem.sit@Maecenaslibero.org');
Insert into USER_TALLER2.VENDEDORES (ID,NOMBRE,TELEFONO,EMAIL) values ('3','Kuame Baird','(562) 988-8820','vulputate.posuere.vulputate@eu.co.uk');
Insert into USER_TALLER2.VENDEDORES (ID,NOMBRE,TELEFONO,EMAIL) values ('4','Adrian Reese','(220) 832-7613','parturient.montes.nascetur@fringillaornareplacerat.com');
Insert into USER_TALLER2.VENDEDORES (ID,NOMBRE,TELEFONO,EMAIL) values ('5','Tad Clark','(917) 992-4754','at.risus@tellus.ca');
Insert into USER_TALLER2.VENDEDORES (ID,NOMBRE,TELEFONO,EMAIL) values ('6','Erich Mckee','(954) 311-6069','magna@tortor.com');
Insert into USER_TALLER2.VENDEDORES (ID,NOMBRE,TELEFONO,EMAIL) values ('7','Lewis Oneal','(464) 833-2734','lobortis.mauris@Vestibulum.net');
Insert into USER_TALLER2.VENDEDORES (ID,NOMBRE,TELEFONO,EMAIL) values ('8','Hall Hardy','(477) 276-6181','Duis@mi.co.uk');
Insert into USER_TALLER2.VENDEDORES (ID,NOMBRE,TELEFONO,EMAIL) values ('9','Chester Brooks','(616) 348-3253','et.euismod@lacusUtnec.ca');
Insert into USER_TALLER2.VENDEDORES (ID,NOMBRE,TELEFONO,EMAIL) values ('10','Garrison Maxwell','(748) 989-6523','augue.ac.ipsum@etnetus.com');
--------------------------------------------------------
--  DDL for Index SYS_C007053
--------------------------------------------------------

  CREATE UNIQUE INDEX "USER_TALLER2"."SYS_C007053" ON "USER_TALLER2"."VENDEDORES" ("ID") 
  ;
--------------------------------------------------------
--  DDL for Index SYS_C007059
--------------------------------------------------------

  CREATE UNIQUE INDEX "USER_TALLER2"."SYS_C007059" ON "USER_TALLER2"."CLIENTES" ("ID") 
  ;
--------------------------------------------------------
--  DDL for Index SYS_C007066
--------------------------------------------------------

  CREATE UNIQUE INDEX "USER_TALLER2"."SYS_C007066" ON "USER_TALLER2"."ATRIBUTOS" ("ID") 
  ;
--------------------------------------------------------
--  DDL for Index SYS_C007072
--------------------------------------------------------

  CREATE UNIQUE INDEX "USER_TALLER2"."SYS_C007072" ON "USER_TALLER2"."VEHICULOS" ("ID") 
  ;
--------------------------------------------------------
--  DDL for Index SYS_C007080
--------------------------------------------------------

  CREATE UNIQUE INDEX "USER_TALLER2"."SYS_C007080" ON "USER_TALLER2"."FACTURAS" ("ID") 
  ;
--------------------------------------------------------
--  DDL for Index SYS_C007089
--------------------------------------------------------

  CREATE UNIQUE INDEX "USER_TALLER2"."SYS_C007089" ON "USER_TALLER2"."ATRIBUTOS_FACTURAS" ("ID") 
  ;
--------------------------------------------------------
--  DDL for Index SYS_C007096
--------------------------------------------------------

  CREATE UNIQUE INDEX "USER_TALLER2"."SYS_C007096" ON "USER_TALLER2"."DATOS_HISTORICOS_VEHICULOS" ("ID") 
  ;
--------------------------------------------------------
--  DDL for Trigger DISMINUIR_UNIDADES
--------------------------------------------------------

  CREATE OR REPLACE TRIGGER "USER_TALLER2"."DISMINUIR_UNIDADES" AFTER INSERT ON USER_TALLER2.atributos_facturas
  FOR EACH ROW
BEGIN
  UPDATE ATRIBUTOS SET UNIDADES_DISPONIBLES =  UNIDADES_DISPONIBLES-1 WHERE ATRIBUTOS.ID = :NEW.ATRIBUTO_ID;
END;
/
ALTER TRIGGER "USER_TALLER2"."DISMINUIR_UNIDADES" ENABLE;
--------------------------------------------------------
--  Constraints for Table ATRIBUTOS
--------------------------------------------------------

  ALTER TABLE "USER_TALLER2"."ATRIBUTOS" MODIFY ("ID" NOT NULL ENABLE);
  ALTER TABLE "USER_TALLER2"."ATRIBUTOS" MODIFY ("CODIGO" NOT NULL ENABLE);
  ALTER TABLE "USER_TALLER2"."ATRIBUTOS" MODIFY ("COSTO" NOT NULL ENABLE);
  ALTER TABLE "USER_TALLER2"."ATRIBUTOS" MODIFY ("DESCRIPCION" NOT NULL ENABLE);
  ALTER TABLE "USER_TALLER2"."ATRIBUTOS" MODIFY ("NOMBRE_FABRICANTE" NOT NULL ENABLE);
  ALTER TABLE "USER_TALLER2"."ATRIBUTOS" MODIFY ("PRECIO_UNIDAD" NOT NULL ENABLE);
  ALTER TABLE "USER_TALLER2"."ATRIBUTOS" ADD PRIMARY KEY ("ID") ENABLE;
--------------------------------------------------------
--  Constraints for Table ATRIBUTOS_FACTURAS
--------------------------------------------------------

  ALTER TABLE "USER_TALLER2"."ATRIBUTOS_FACTURAS" MODIFY ("ID" NOT NULL ENABLE);
  ALTER TABLE "USER_TALLER2"."ATRIBUTOS_FACTURAS" MODIFY ("PRECIO" NOT NULL ENABLE);
  ALTER TABLE "USER_TALLER2"."ATRIBUTOS_FACTURAS" MODIFY ("FACTURA_ID" NOT NULL ENABLE);
  ALTER TABLE "USER_TALLER2"."ATRIBUTOS_FACTURAS" MODIFY ("ATRIBUTO_ID" NOT NULL ENABLE);
  ALTER TABLE "USER_TALLER2"."ATRIBUTOS_FACTURAS" ADD PRIMARY KEY ("ID") ENABLE;
--------------------------------------------------------
--  Constraints for Table CLIENTES
--------------------------------------------------------

  ALTER TABLE "USER_TALLER2"."CLIENTES" MODIFY ("ID" NOT NULL ENABLE);
  ALTER TABLE "USER_TALLER2"."CLIENTES" MODIFY ("NOMBRE" NOT NULL ENABLE);
  ALTER TABLE "USER_TALLER2"."CLIENTES" MODIFY ("TELEFONO" NOT NULL ENABLE);
  ALTER TABLE "USER_TALLER2"."CLIENTES" MODIFY ("EMAIL" NOT NULL ENABLE);
  ALTER TABLE "USER_TALLER2"."CLIENTES" MODIFY ("DIRECCION" NOT NULL ENABLE);
  ALTER TABLE "USER_TALLER2"."CLIENTES" ADD PRIMARY KEY ("ID") ENABLE;
--------------------------------------------------------
--  Constraints for Table DATOS_HISTORICOS_VEHICULOS
--------------------------------------------------------

  ALTER TABLE "USER_TALLER2"."DATOS_HISTORICOS_VEHICULOS" MODIFY ("ID" NOT NULL ENABLE);
  ALTER TABLE "USER_TALLER2"."DATOS_HISTORICOS_VEHICULOS" MODIFY ("VEHICULO_ID" NOT NULL ENABLE);
  ALTER TABLE "USER_TALLER2"."DATOS_HISTORICOS_VEHICULOS" MODIFY ("TIPO" NOT NULL ENABLE);
  ALTER TABLE "USER_TALLER2"."DATOS_HISTORICOS_VEHICULOS" ADD CONSTRAINT "CHECK_TIPO" CHECK (tipo IN('nuevo','vendido','intercambio')) ENABLE;
  ALTER TABLE "USER_TALLER2"."DATOS_HISTORICOS_VEHICULOS" ADD PRIMARY KEY ("ID") ENABLE;
--------------------------------------------------------
--  Constraints for Table FACTURAS
--------------------------------------------------------

  ALTER TABLE "USER_TALLER2"."FACTURAS" MODIFY ("ID" NOT NULL ENABLE);
  ALTER TABLE "USER_TALLER2"."FACTURAS" MODIFY ("VEHICULO_ID" NOT NULL ENABLE);
  ALTER TABLE "USER_TALLER2"."FACTURAS" MODIFY ("VENDEDOR_ID" NOT NULL ENABLE);
  ALTER TABLE "USER_TALLER2"."FACTURAS" MODIFY ("CLIENTE_ID" NOT NULL ENABLE);
  ALTER TABLE "USER_TALLER2"."FACTURAS" MODIFY ("LICENCIA_MATRICULA" NOT NULL ENABLE);
  ALTER TABLE "USER_TALLER2"."FACTURAS" MODIFY ("PRECIO_TOTAL" NOT NULL ENABLE);
  ALTER TABLE "USER_TALLER2"."FACTURAS" MODIFY ("TOTAL_IMPUESTO" NOT NULL ENABLE);
  ALTER TABLE "USER_TALLER2"."FACTURAS" ADD PRIMARY KEY ("ID") ENABLE;
--------------------------------------------------------
--  Constraints for Table VEHICULOS
--------------------------------------------------------

  ALTER TABLE "USER_TALLER2"."VEHICULOS" MODIFY ("ID" NOT NULL ENABLE);
  ALTER TABLE "USER_TALLER2"."VEHICULOS" MODIFY ("MODELO" NOT NULL ENABLE);
  ALTER TABLE "USER_TALLER2"."VEHICULOS" MODIFY ("ANIO" NOT NULL ENABLE);
  ALTER TABLE "USER_TALLER2"."VEHICULOS" MODIFY ("NOMBRE" NOT NULL ENABLE);
  ALTER TABLE "USER_TALLER2"."VEHICULOS" MODIFY ("NOMBRE_FABRICANTE" NOT NULL ENABLE);
  ALTER TABLE "USER_TALLER2"."VEHICULOS" ADD PRIMARY KEY ("ID") ENABLE;
--------------------------------------------------------
--  Constraints for Table VENDEDORES
--------------------------------------------------------

  ALTER TABLE "USER_TALLER2"."VENDEDORES" MODIFY ("ID" NOT NULL ENABLE);
  ALTER TABLE "USER_TALLER2"."VENDEDORES" MODIFY ("NOMBRE" NOT NULL ENABLE);
  ALTER TABLE "USER_TALLER2"."VENDEDORES" MODIFY ("TELEFONO" NOT NULL ENABLE);
  ALTER TABLE "USER_TALLER2"."VENDEDORES" MODIFY ("EMAIL" NOT NULL ENABLE);
  ALTER TABLE "USER_TALLER2"."VENDEDORES" ADD PRIMARY KEY ("ID") ENABLE;
--------------------------------------------------------
--  Ref Constraints for Table ATRIBUTOS_FACTURAS
--------------------------------------------------------

  ALTER TABLE "USER_TALLER2"."ATRIBUTOS_FACTURAS" ADD CONSTRAINT "FK_F_A_ATRIBUTOS" FOREIGN KEY ("ATRIBUTO_ID")
	  REFERENCES "USER_TALLER2"."ATRIBUTOS" ("ID") ENABLE;
  ALTER TABLE "USER_TALLER2"."ATRIBUTOS_FACTURAS" ADD CONSTRAINT "FK_F_A_FACTURAS" FOREIGN KEY ("FACTURA_ID")
	  REFERENCES "USER_TALLER2"."FACTURAS" ("ID") ENABLE;
--------------------------------------------------------
--  Ref Constraints for Table DATOS_HISTORICOS_VEHICULOS
--------------------------------------------------------

  ALTER TABLE "USER_TALLER2"."DATOS_HISTORICOS_VEHICULOS" ADD CONSTRAINT "FK_FACTURAS_HISTORICO" FOREIGN KEY ("FACTURA_ID")
	  REFERENCES "USER_TALLER2"."FACTURAS" ("ID") ENABLE;
  ALTER TABLE "USER_TALLER2"."DATOS_HISTORICOS_VEHICULOS" ADD CONSTRAINT "FK_VEHICULOS_HISTORICO" FOREIGN KEY ("VEHICULO_ID")
	  REFERENCES "USER_TALLER2"."VEHICULOS" ("ID") ENABLE;
--------------------------------------------------------
--  Ref Constraints for Table FACTURAS
--------------------------------------------------------

  ALTER TABLE "USER_TALLER2"."FACTURAS" ADD CONSTRAINT "FK_CLIENTES_FACTURAS" FOREIGN KEY ("CLIENTE_ID")
	  REFERENCES "USER_TALLER2"."CLIENTES" ("ID") ENABLE;
  ALTER TABLE "USER_TALLER2"."FACTURAS" ADD CONSTRAINT "FK_VEHICULOS_FACTURAS" FOREIGN KEY ("VEHICULO_ID")
	  REFERENCES "USER_TALLER2"."VEHICULOS" ("ID") ENABLE;
  ALTER TABLE "USER_TALLER2"."FACTURAS" ADD CONSTRAINT "FK_VENDEDORES_FACTURAS" FOREIGN KEY ("VENDEDOR_ID")
	  REFERENCES "USER_TALLER2"."VENDEDORES" ("ID") ENABLE;
  ALTER TABLE "USER_TALLER2"."FACTURAS" ADD CONSTRAINT "FK_V_INTERCAMBIO_FACTURAS" FOREIGN KEY ("VEHICULO_INTERCAMBIO_ID")
	  REFERENCES "USER_TALLER2"."VEHICULOS" ("ID") ENABLE;


--------------------------------------------------------
--  DDL for View INFORMACION_FACTURAS_VIEW
--------------------------------------------------------

  CREATE OR REPLACE FORCE VIEW "USER_TALLER2"."INFORMACION_FACTURAS_VIEW" ("BILL_ID", "SALES_PERSON_ID", "NAME_OF_SALESPERSON", "CLIENT_ID", "NAME_OF_CLIENT", "VEHICLE_ID", "BRAND_OF_VEHICLE", "MANUFACTURER_OF_VEHICLE", "ACCESORY_ID", "NAME_OF_ACCESORY") AS 
  SELECT FACTURAS.ID AS bill_id,VENDEDORES.ID AS sales_person_id,VENDEDORES.NOMBRE AS name_of_salesperson,
       CLIENTES.ID AS client_id,CLIENTES.NOMBRE AS name_of_client, VEHICULOS.ID AS vehicle_id, 
       VEHICULOS.NOMBRE AS brand_of_vehicle, VEHICULOS.NOMBRE_FABRICANTE AS manufacturer_of_vehicle,
       ATRIBUTOS.ID AS accesory_id, ATRIBUTOS.DESCRIPCION AS name_of_accesory FROM FACTURAS
INNER JOIN VENDEDORES ON FACTURAS.VENDEDOR_ID = VENDEDORES.ID
INNER JOIN CLIENTES ON FACTURAS.CLIENTE_ID = CLIENTES.ID
INNER JOIN VEHICULOS ON FACTURAS.VEHICULO_ID = VEHICULOS.ID
INNER JOIN ATRIBUTOS_FACTURAS ON FACTURAS.ID = ATRIBUTOS_FACTURAS.FACTURA_ID
INNER JOIN ATRIBUTOS ON ATRIBUTOS_FACTURAS.ATRIBUTO_ID = ATRIBUTOS.ID
;
--------------------------------------------------------
--  DDL for View PRODUCTO_MENOR_VIEW
--------------------------------------------------------

  CREATE OR REPLACE FORCE VIEW "USER_TALLER2"."PRODUCTO_MENOR_VIEW" ("ID", "DESCRIPCION", "CODIGO", "NOMBRE_FABRICANTE") AS 
  SELECT ID,DESCRIPCION,CODIGO,NOMBRE_FABRICANTE FROM ATRIBUTOS WHERE UNIDADES_DISPONIBLES <5
;

--------------------------------------------------------
--  DDL for Procedure REORDER_UNITS
--------------------------------------------------------
set define off;

  CREATE OR REPLACE PROCEDURE "USER_TALLER2"."REORDER_UNITS" IS
BEGIN
 UPDATE ATRIBUTOS SET UNIDADES_DISPONIBLES = UNIDADES_DISPONIBLES +20 WHERE ID IN (SELECT ID FROM PRODUCTO_MENOR_VIEW); 
END;

/
